,id_curriculo_componente,id_curriculo,id_componente_curricular,semestre_oferta,tipo_vinculo_componente,nivel_ensino
102,134045126,134044403,66436,1,OBRIGATÓRIO,GRADUAÇÃO
143,133795058,133795010,2054952,0,OPTATIVO,GRADUAÇÃO
190,133799104,133797961,69607,0,OPTATIVO,GRADUAÇÃO
317,133795035,133795010,21764,0,OPTATIVO,GRADUAÇÃO
440,133798108,133797961,52791,0,OPTATIVO,GRADUAÇÃO
529,133798181,133797961,55023,3,OBRIGATÓRIO,GRADUAÇÃO
660,140868914,133797961,26904,0,OPTATIVO,GRADUAÇÃO
700,133804441,133804382,57807,0,OPTATIVO,GRADUAÇÃO
735,137397634,133804382,69695,0,OPTATIVO,GRADUAÇÃO
758,133804590,133804382,69692,4,OBRIGATÓRIO,GRADUAÇÃO
775,133799102,133797961,69605,0,OPTATIVO,GRADUAÇÃO
836,133798004,133797961,2054929,0,OPTATIVO,GRADUAÇÃO
897,133795025,133795010,26918,0,OPTATIVO,GRADUAÇÃO
977,133795234,133795010,66437,3,OBRIGATÓRIO,GRADUAÇÃO
995,139932352,134044403,70885,0,OPTATIVO,GRADUAÇÃO
1024,134044644,134044403,55027,4,OBRIGATÓRIO,GRADUAÇÃO
1086,134044614,134044403,62886,0,OPTATIVO,GRADUAÇÃO
1130,133795222,133795010,66441,1,OBRIGATÓRIO,GRADUAÇÃO
1155,133795121,133795010,61114,0,OPTATIVO,GRADUAÇÃO
1222,133804383,133804382,2041507,0,OPTATIVO,GRADUAÇÃO
1226,137397984,134044403,69601,0,OPTATIVO,GRADUAÇÃO
1231,133804538,133804382,55056,0,OPTATIVO,GRADUAÇÃO
1233,134044603,134044403,52702,0,OPTATIVO,GRADUAÇÃO
1439,151048614,133804382,69589,0,OPTATIVO,GRADUAÇÃO
1448,133798185,133797961,52662,4,OBRIGATÓRIO,GRADUAÇÃO
1590,133798187,133797961,55027,4,OBRIGATÓRIO,GRADUAÇÃO
1659,133798149,133797961,61129,0,OPTATIVO,GRADUAÇÃO
1667,133798117,133797961,55052,0,OPTATIVO,GRADUAÇÃO
1710,133804401,133804382,26922,0,OPTATIVO,GRADUAÇÃO
1712,134044510,134044403,61097,0,OPTATIVO,GRADUAÇÃO
1757,133798094,133797961,55096,0,OPTATIVO,GRADUAÇÃO
1779,133804405,133804382,21764,0,OPTATIVO,GRADUAÇÃO
1842,133798007,133797961,2054932,0,OPTATIVO,GRADUAÇÃO
1916,133804597,133804382,23553,5,OBRIGATÓRIO,GRADUAÇÃO
1932,133804404,133804382,68133,0,OPTATIVO,GRADUAÇÃO
1971,133804820,133804382,2040707,0,OPTATIVO,GRADUAÇÃO
1985,133804571,133804382,55019,1,OBRIGATÓRIO,GRADUAÇÃO
2022,133804580,133804382,55022,2,OBRIGATÓRIO,GRADUAÇÃO
2031,134044494,134044403,59736,0,OPTATIVO,GRADUAÇÃO
2060,133798023,133797961,52990,0,OPTATIVO,GRADUAÇÃO
2091,134044457,134044403,2054921,0,OPTATIVO,GRADUAÇÃO
2104,133795228,133795010,55022,2,OBRIGATÓRIO,GRADUAÇÃO
2248,133804490,133804382,55036,0,OPTATIVO,GRADUAÇÃO
2389,133799110,133797961,69613,0,OPTATIVO,GRADUAÇÃO
2479,133804494,133804382,55094,0,OPTATIVO,GRADUAÇÃO
2489,134044414,134044403,62382,0,OPTATIVO,GRADUAÇÃO
2626,133797970,133797961,62382,0,OPTATIVO,GRADUAÇÃO
2712,133795177,133795010,52697,0,OPTATIVO,GRADUAÇÃO
2774,133804525,133804382,52690,0,OPTATIVO,GRADUAÇÃO
2794,139932351,134044403,69618,0,OPTATIVO,GRADUAÇÃO
2859,133795096,133795010,61103,0,OPTATIVO,GRADUAÇÃO
3004,133804408,133804382,2054904,0,OPTATIVO,GRADUAÇÃO
3111,133804516,133804382,52796,0,OPTATIVO,GRADUAÇÃO
3153,134044556,134044403,52680,0,OPTATIVO,GRADUAÇÃO
3175,133795157,133795010,52791,0,OPTATIVO,GRADUAÇÃO
3185,133795103,133795010,61096,0,OPTATIVO,GRADUAÇÃO
3216,151036502,133797961,72710,0,OPTATIVO,GRADUAÇÃO
3406,134044468,134044403,2054950,0,OPTATIVO,GRADUAÇÃO
3460,133795073,133795010,55370,0,OPTATIVO,GRADUAÇÃO
3515,134044592,134044403,55053,0,OPTATIVO,GRADUAÇÃO
3738,134044633,134044403,23557,0,OPTATIVO,GRADUAÇÃO
3755,133804526,133804382,52691,0,OPTATIVO,GRADUAÇÃO
3837,133798005,133797961,2054930,0,OPTATIVO,GRADUAÇÃO
3848,133798025,133797961,55370,0,OPTATIVO,GRADUAÇÃO
3863,134044477,134044403,52972,0,OPTATIVO,GRADUAÇÃO
3874,133795195,133795010,55062,0,OPTATIVO,GRADUAÇÃO
3891,134044623,134044403,65102,0,OPTATIVO,GRADUAÇÃO
3923,133795206,133795010,65101,0,OPTATIVO,GRADUAÇÃO
3957,133804500,133804382,55045,0,OPTATIVO,GRADUAÇÃO
3967,134044560,134044403,52683,0,OPTATIVO,GRADUAÇÃO
4239,133795048,133795010,2054922,0,OPTATIVO,GRADUAÇÃO
4261,133798055,133797961,61096,0,OPTATIVO,GRADUAÇÃO
4276,133798182,133797961,55024,3,OBRIGATÓRIO,GRADUAÇÃO
4326,133798287,133795010,55028,5,OBRIGATÓRIO,GRADUAÇÃO
4361,134044524,134044403,61111,0,OPTATIVO,GRADUAÇÃO
4364,133799092,133797961,69594,0,OPTATIVO,GRADUAÇÃO
4390,133804436,133804382,46256,0,OPTATIVO,GRADUAÇÃO
4450,134044528,134044403,61115,0,OPTATIVO,GRADUAÇÃO
4464,151047853,133804382,69619,0,OPTATIVO,GRADUAÇÃO
4628,133795116,133795010,61109,0,OPTATIVO,GRADUAÇÃO
4752,133804519,133804382,52688,0,OPTATIVO,GRADUAÇÃO
4800,133795068,133795010,52973,0,OPTATIVO,GRADUAÇÃO
4820,134044574,134044403,55084,0,OPTATIVO,GRADUAÇÃO
4838,133798036,133797961,59732,0,OPTATIVO,GRADUAÇÃO
5018,133797993,133797961,2054957,0,OPTATIVO,GRADUAÇÃO
5071,134044513,134044403,61100,0,OPTATIVO,GRADUAÇÃO
5176,133798115,133797961,52687,0,OPTATIVO,GRADUAÇÃO
5188,134044612,134044403,66665,0,OPTATIVO,GRADUAÇÃO
5371,133804524,133804382,55083,0,OPTATIVO,GRADUAÇÃO
5416,134044635,134044403,55020,1,OBRIGATÓRIO,GRADUAÇÃO
5443,133798146,133797961,55062,0,OPTATIVO,GRADUAÇÃO
5458,133804588,133804382,55026,4,OBRIGATÓRIO,GRADUAÇÃO
5532,133795054,133795010,2054931,0,OPTATIVO,GRADUAÇÃO
5622,134044473,134044403,2054955,0,OPTATIVO,GRADUAÇÃO
5673,133795127,133795010,61120,0,OPTATIVO,GRADUAÇÃO
5679,134044539,134044403,55040,0,OPTATIVO,GRADUAÇÃO
5692,133804450,133804382,63935,0,OPTATIVO,GRADUAÇÃO
5730,133804551,133804382,66665,0,OPTATIVO,GRADUAÇÃO
5901,133795012,133795010,43193,0,OPTATIVO,GRADUAÇÃO
5944,133795143,133795010,55042,0,OPTATIVO,GRADUAÇÃO
6032,134044527,134044403,61114,0,OPTATIVO,GRADUAÇÃO
6058,133795131,133795010,52673,0,OPTATIVO,GRADUAÇÃO
6067,133798903,133795010,69589,0,OPTATIVO,GRADUAÇÃO
6114,133795086,133795010,59734,0,OPTATIVO,GRADUAÇÃO
6175,133798100,133797961,55050,0,OPTATIVO,GRADUAÇÃO
6266,133798183,133797961,55025,3,OBRIGATÓRIO,GRADUAÇÃO
6409,133797985,133797961,23558,0,OPTATIVO,GRADUAÇÃO
6507,133798911,133795010,69596,0,OPTATIVO,GRADUAÇÃO
6525,133804429,133804382,2054955,0,OPTATIVO,GRADUAÇÃO
6777,151036496,133797961,72713,0,OPTATIVO,GRADUAÇÃO
6868,134044542,134044403,55037,0,OPTATIVO,GRADUAÇÃO
6880,134044531,134044403,61118,0,OPTATIVO,GRADUAÇÃO
6944,151047041,133804382,69610,0,OPTATIVO,GRADUAÇÃO
7064,134044515,134044403,61083,0,OPTATIVO,GRADUAÇÃO
7207,133804572,133804382,55020,1,OBRIGATÓRIO,GRADUAÇÃO
7276,133795078,133795010,27733,0,OPTATIVO,GRADUAÇÃO
7363,134044466,134044403,2054931,0,OPTATIVO,GRADUAÇÃO
7397,133799091,133797961,69593,0,OPTATIVO,GRADUAÇÃO
7404,133795050,133795010,2054927,0,OPTATIVO,GRADUAÇÃO
7494,133798171,133797961,55019,1,OBRIGATÓRIO,GRADUAÇÃO
7511,133795232,133795010,55024,3,OBRIGATÓRIO,GRADUAÇÃO
7537,134044525,134044403,61112,0,OPTATIVO,GRADUAÇÃO
7808,134044634,134044403,55019,1,OBRIGATÓRIO,GRADUAÇÃO
7949,133804533,133804382,52699,0,OPTATIVO,GRADUAÇÃO
7966,134044551,134044403,55047,0,OPTATIVO,GRADUAÇÃO
7978,133795194,133795010,55061,0,OPTATIVO,GRADUAÇÃO
8022,133804563,133804382,68478,0,OPTATIVO,GRADUAÇÃO
8080,133795162,133795010,52796,0,OPTATIVO,GRADUAÇÃO
8096,133798088,133797961,55037,0,OPTATIVO,GRADUAÇÃO
8100,151043559,134044403,72713,0,OPTATIVO,GRADUAÇÃO
8240,136619680,133797961,70884,0,OPTATIVO,GRADUAÇÃO
8311,133804575,133804382,66436,1,OBRIGATÓRIO,GRADUAÇÃO
8377,133795064,133795010,52866,0,OPTATIVO,GRADUAÇÃO
8444,134044617,134044403,61130,0,OPTATIVO,GRADUAÇÃO
8452,133804406,133804382,21787,0,OPTATIVO,GRADUAÇÃO
8469,134044511,134044403,61098,0,OPTATIVO,GRADUAÇÃO
8508,133804823,133804382,23465,0,OPTATIVO,GRADUAÇÃO
8605,133804419,133804382,2054928,0,OPTATIVO,GRADUAÇÃO
8819,133804506,133804382,52789,0,OPTATIVO,GRADUAÇÃO
8834,134044580,134044403,52665,2,OBRIGATÓRIO,GRADUAÇÃO
8872,134044430,134044403,26929,0,OPTATIVO,GRADUAÇÃO
9024,133799116,133797961,69619,0,OPTATIVO,GRADUAÇÃO
9054,133804517,133804382,52686,0,OPTATIVO,GRADUAÇÃO
9132,133795061,133795010,2054955,0,OPTATIVO,GRADUAÇÃO
9170,133795013,133795010,26528,0,OPTATIVO,GRADUAÇÃO
9262,133795026,133795010,26919,0,OPTATIVO,GRADUAÇÃO
9284,133798174,133797961,66438,1,OBRIGATÓRIO,GRADUAÇÃO
9351,139932350,134044403,69613,0,OPTATIVO,GRADUAÇÃO
9433,133799118,133797961,69621,0,OPTATIVO,GRADUAÇÃO
9469,133804596,133804382,52972,5,OBRIGATÓRIO,GRADUAÇÃO
9477,134044609,134044403,55061,0,OPTATIVO,GRADUAÇÃO
9582,133804384,133804382,43193,0,OPTATIVO,GRADUAÇÃO
9611,133798065,133797961,61087,0,OPTATIVO,GRADUAÇÃO
9619,133795161,133795010,52793,0,OPTATIVO,GRADUAÇÃO
9637,133798038,133797961,59734,0,OPTATIVO,GRADUAÇÃO
9732,133795152,133795010,52789,0,OPTATIVO,GRADUAÇÃO
9812,133804586,133804382,55025,3,OBRIGATÓRIO,GRADUAÇÃO
9852,134044495,134044403,59737,0,OPTATIVO,GRADUAÇÃO
10210,134044631,134044403,55325,0,OPTATIVO,GRADUAÇÃO
10275,134044534,134044403,61121,0,OPTATIVO,GRADUAÇÃO
10380,134044446,134044403,2040950,0,OPTATIVO,GRADUAÇÃO
10405,133798093,133797961,55043,0,OPTATIVO,GRADUAÇÃO
10616,133804554,133804382,62887,0,OPTATIVO,GRADUAÇÃO
10627,133798012,133797961,2054954,0,OPTATIVO,GRADUAÇÃO
10637,134044638,134044403,52650,2,OBRIGATÓRIO,GRADUAÇÃO
10728,134044621,134044403,65101,0,OPTATIVO,GRADUAÇÃO
10951,134044594,134044403,52690,0,OPTATIVO,GRADUAÇÃO
11029,133798022,133797961,52975,0,OPTATIVO,GRADUAÇÃO
11033,134044618,134044403,63932,0,OPTATIVO,GRADUAÇÃO
11177,133795183,133795010,55055,0,OPTATIVO,GRADUAÇÃO
11248,133798139,133797961,55060,0,OPTATIVO,GRADUAÇÃO
11307,133798130,133797961,52699,0,OPTATIVO,GRADUAÇÃO
11334,151047847,133804382,69588,0,OPTATIVO,GRADUAÇÃO
11490,133795028,133795010,26921,0,OPTATIVO,GRADUAÇÃO
11598,133804467,133804382,61083,0,OPTATIVO,GRADUAÇÃO
11683,140151303,133804382,69598,0,OPTATIVO,GRADUAÇÃO
11687,133804543,133804382,55084,0,OPTATIVO,GRADUAÇÃO
11693,133798925,133795010,69611,0,OPTATIVO,GRADUAÇÃO
11739,133798089,133797961,55094,0,OPTATIVO,GRADUAÇÃO
11974,133804434,133804382,25561,0,OPTATIVO,GRADUAÇÃO
11984,151040545,133795010,72713,0,OPTATIVO,GRADUAÇÃO
12011,133804530,133804382,52794,0,OPTATIVO,GRADUAÇÃO
12025,133804505,133804382,52792,0,OPTATIVO,GRADUAÇÃO
12058,133804512,133804382,52795,0,OPTATIVO,GRADUAÇÃO
12113,134044568,134044403,52687,0,OPTATIVO,GRADUAÇÃO
12139,133804573,133804382,55082,1,OBRIGATÓRIO,GRADUAÇÃO
12197,133798073,133797961,61114,0,OPTATIVO,GRADUAÇÃO
12220,133798067,133797961,61094,0,OPTATIVO,GRADUAÇÃO
12222,133804465,133804382,61100,0,OPTATIVO,GRADUAÇÃO
12379,134045125,134044403,66441,1,OBRIGATÓRIO,GRADUAÇÃO
12500,134044483,134044403,23553,0,OPTATIVO,GRADUAÇÃO
12583,134044419,134044403,26917,0,OPTATIVO,GRADUAÇÃO
12639,133799112,133797961,69615,0,OPTATIVO,GRADUAÇÃO
12715,133795102,133795010,61095,0,OPTATIVO,GRADUAÇÃO
12765,151043558,134044403,72709,0,OPTATIVO,GRADUAÇÃO
12806,133804414,133804382,2054919,0,OPTATIVO,GRADUAÇÃO
12839,134044616,134044403,62888,0,OPTATIVO,GRADUAÇÃO
12937,134044540,134044403,55038,0,OPTATIVO,GRADUAÇÃO
13048,133797991,133797961,2040950,0,OPTATIVO,GRADUAÇÃO
13168,134044632,134044403,23538,0,OPTATIVO,GRADUAÇÃO
13185,133798033,133797961,56269,0,OPTATIVO,GRADUAÇÃO
13186,133798132,133797961,52702,0,OPTATIVO,GRADUAÇÃO
13327,133799095,133797961,69597,0,OPTATIVO,GRADUAÇÃO
13481,134044425,134044403,26923,0,OPTATIVO,GRADUAÇÃO
13504,133804390,133804382,62381,0,OPTATIVO,GRADUAÇÃO
13576,137397628,133804382,69612,0,OPTATIVO,GRADUAÇÃO
13616,133798933,133795010,69619,0,OPTATIVO,GRADUAÇÃO
13808,133798002,133797961,2054927,0,OPTATIVO,GRADUAÇÃO
13816,134044552,134044403,55049,0,OPTATIVO,GRADUAÇÃO
13819,134044627,134044403,61132,0,OPTATIVO,GRADUAÇÃO
13824,133798145,133797961,55061,0,OPTATIVO,GRADUAÇÃO
13830,133798935,133795010,69621,0,OPTATIVO,GRADUAÇÃO
13884,133798028,133797961,20033,0,OPTATIVO,GRADUAÇÃO
13970,134044478,134044403,52973,0,OPTATIVO,GRADUAÇÃO
13985,133804514,133804382,52788,0,OPTATIVO,GRADUAÇÃO
13997,133799106,133797961,69609,0,OPTATIVO,GRADUAÇÃO
14002,133798071,133797961,61112,0,OPTATIVO,GRADUAÇÃO
14014,133795118,133795010,61111,0,OPTATIVO,GRADUAÇÃO
14147,133798085,133797961,55040,0,OPTATIVO,GRADUAÇÃO
14235,133804822,133804382,55372,0,OPTATIVO,GRADUAÇÃO
14336,133795081,133795010,56269,0,OPTATIVO,GRADUAÇÃO
14485,133795126,133795010,61119,0,OPTATIVO,GRADUAÇÃO
14544,133797984,133797961,26931,0,OPTATIVO,GRADUAÇÃO
14568,133798922,133795010,69608,0,OPTATIVO,GRADUAÇÃO
14598,151047850,133804382,69616,0,OPTATIVO,GRADUAÇÃO
14621,133795138,133795010,55041,0,OPTATIVO,GRADUAÇÃO
14645,133798148,133797961,66665,0,OPTATIVO,GRADUAÇÃO
14665,133797963,133797961,43193,0,OPTATIVO,GRADUAÇÃO
14721,133804427,133804382,2054953,0,OPTATIVO,GRADUAÇÃO
14794,134044413,134044403,62381,0,OPTATIVO,GRADUAÇÃO
14878,133799087,133797961,69590,0,OPTATIVO,GRADUAÇÃO
15042,133798163,133797961,61132,0,OPTATIVO,GRADUAÇÃO
15176,133797968,133797961,55940,0,OPTATIVO,GRADUAÇÃO
15229,133795236,133795010,55026,4,OBRIGATÓRIO,GRADUAÇÃO
15232,151042965,133804382,72717,0,OPTATIVO,GRADUAÇÃO
15259,133799098,133797961,69601,0,OPTATIVO,GRADUAÇÃO
15265,151042967,133804382,66443,0,OPTATIVO,GRADUAÇÃO
15393,133804472,133804382,61093,0,OPTATIVO,GRADUAÇÃO
15447,134044507,134044403,61108,0,OPTATIVO,GRADUAÇÃO
15506,133795196,133795010,66482,0,OPTATIVO,GRADUAÇÃO
15534,133797967,133797961,55939,0,OPTATIVO,GRADUAÇÃO
15631,133798113,133797961,52796,0,OPTATIVO,GRADUAÇÃO
15684,133798909,133795010,69594,0,OPTATIVO,GRADUAÇÃO
15738,139931800,134044403,69603,0,OPTATIVO,GRADUAÇÃO
15778,133795093,133795010,65104,0,OPTATIVO,GRADUAÇÃO
15846,134044410,134044403,64877,0,OPTATIVO,GRADUAÇÃO
15852,133798905,133795010,69591,0,OPTATIVO,GRADUAÇÃO
15856,134044650,134044403,52867,5,OBRIGATÓRIO,GRADUAÇÃO
16022,133798186,133797961,55026,4,OBRIGATÓRIO,GRADUAÇÃO
16049,151047851,133804382,69586,0,OPTATIVO,GRADUAÇÃO
16098,151040551,133795010,72710,0,OPTATIVO,GRADUAÇÃO
16134,134045135,134044403,55371,7,OBRIGATÓRIO,GRADUAÇÃO
16142,137509133,133804382,70970,0,OPTATIVO,GRADUAÇÃO
16222,134044514,134044403,61101,0,OPTATIVO,GRADUAÇÃO
16223,133798099,133797961,55049,0,OPTATIVO,GRADUAÇÃO
16280,133804438,133804382,51457,0,OPTATIVO,GRADUAÇÃO
16360,133798116,133797961,52688,0,OPTATIVO,GRADUAÇÃO
16378,133804557,133804382,63932,0,OPTATIVO,GRADUAÇÃO
16521,133795104,133795010,61097,0,OPTATIVO,GRADUAÇÃO
16627,133799096,133797961,69599,0,OPTATIVO,GRADUAÇÃO
16642,133795185,133795010,55057,0,OPTATIVO,GRADUAÇÃO
16646,133798162,133797961,68510,0,OPTATIVO,GRADUAÇÃO
16717,134044493,134044403,59735,0,OPTATIVO,GRADUAÇÃO
16790,133798134,133797961,55055,0,OPTATIVO,GRADUAÇÃO
16830,133799097,133797961,69600,0,OPTATIVO,GRADUAÇÃO
16858,134044649,134044403,2054911,5,OBRIGATÓRIO,GRADUAÇÃO
16894,133798087,133797961,55039,0,OPTATIVO,GRADUAÇÃO
16988,133798013,133797961,2054955,0,OPTATIVO,GRADUAÇÃO
17067,133804595,133804382,52866,5,OBRIGATÓRIO,GRADUAÇÃO
17174,139651486,133795010,72204,0,OPTATIVO,GRADUAÇÃO
17262,133798910,133795010,69595,0,OPTATIVO,GRADUAÇÃO
17384,133798901,133795010,69587,0,OPTATIVO,GRADUAÇÃO
17404,133798014,133797961,2054956,0,OPTATIVO,GRADUAÇÃO
17453,133798066,133797961,61093,0,OPTATIVO,GRADUAÇÃO
17575,137397630,133804382,69696,0,OPTATIVO,GRADUAÇÃO
17587,134044613,134044403,61129,0,OPTATIVO,GRADUAÇÃO
17629,133798109,133797961,52795,0,OPTATIVO,GRADUAÇÃO
17648,134107143,133795010,66426,0,OPTATIVO,GRADUAÇÃO
17710,133795164,133795010,52687,0,OPTATIVO,GRADUAÇÃO
17727,151047040,133804382,69609,0,OPTATIVO,GRADUAÇÃO
17803,137509119,133797961,70970,0,OPTATIVO,GRADUAÇÃO
17911,133798920,133795010,69606,0,OPTATIVO,GRADUAÇÃO
17969,151042962,133804382,72715,0,OPTATIVO,GRADUAÇÃO
18111,133795155,133795010,52683,0,OPTATIVO,GRADUAÇÃO
18114,134044517,134044403,61085,0,OPTATIVO,GRADUAÇÃO
18207,133804488,133804382,52672,0,OPTATIVO,GRADUAÇÃO
18248,133798160,133797961,68478,0,OPTATIVO,GRADUAÇÃO
18251,133795147,133795010,55048,0,OPTATIVO,GRADUAÇÃO
18318,133795188,133795010,55060,0,OPTATIVO,GRADUAÇÃO
18319,133795042,133795010,2054905,0,OPTATIVO,GRADUAÇÃO
18329,134044460,134044403,2054924,0,OPTATIVO,GRADUAÇÃO
18425,133804592,133804382,23538,4,OBRIGATÓRIO,GRADUAÇÃO
18456,133795175,133795010,52694,0,OPTATIVO,GRADUAÇÃO
18653,134044484,134044403,25561,0,OPTATIVO,GRADUAÇÃO
19019,134044491,134044403,59733,0,OPTATIVO,GRADUAÇÃO
19046,133798919,133795010,69605,0,OPTATIVO,GRADUAÇÃO
19072,133804428,133804382,2054954,0,OPTATIVO,GRADUAÇÃO
19252,133798114,133797961,52686,0,OPTATIVO,GRADUAÇÃO
19312,133799100,133797961,69603,0,OPTATIVO,GRADUAÇÃO
19338,133795105,133795010,61098,0,OPTATIVO,GRADUAÇÃO
19427,134044497,134044403,59739,0,OPTATIVO,GRADUAÇÃO
19637,133798091,133797961,55044,0,OPTATIVO,GRADUAÇÃO
19788,133804539,133804382,55057,0,OPTATIVO,GRADUAÇÃO
19843,134044582,134044403,55024,3,OBRIGATÓRIO,GRADUAÇÃO
19899,133804508,133804382,52682,0,OPTATIVO,GRADUAÇÃO
19936,133798170,133797961,55082,1,OBRIGATÓRIO,GRADUAÇÃO
20110,134044597,134044403,52693,0,OPTATIVO,GRADUAÇÃO
20166,134044488,134044403,57806,0,OPTATIVO,GRADUAÇÃO
20308,133795212,133795010,61132,0,OPTATIVO,GRADUAÇÃO
20344,133795027,133795010,26920,0,OPTATIVO,GRADUAÇÃO
20454,139932266,133804382,69618,0,OPTATIVO,GRADUAÇÃO
20653,133795047,133795010,2054921,0,OPTATIVO,GRADUAÇÃO
20665,134044629,134044403,65103,0,OPTATIVO,GRADUAÇÃO
20726,133804493,133804382,55037,0,OPTATIVO,GRADUAÇÃO
20943,133795072,133795010,55369,0,OPTATIVO,GRADUAÇÃO
21043,136619679,133797961,70883,0,OPTATIVO,GRADUAÇÃO
21087,133804546,133804382,68482,0,OPTATIVO,GRADUAÇÃO
21162,151042961,133804382,72708,0,OPTATIVO,GRADUAÇÃO
21243,133795133,133795010,55040,0,OPTATIVO,GRADUAÇÃO
21272,133798902,133795010,69588,0,OPTATIVO,GRADUAÇÃO
21308,134044502,134044403,61103,0,OPTATIVO,GRADUAÇÃO
21394,133804491,133804382,55040,0,OPTATIVO,GRADUAÇÃO
21403,133804415,133804382,2054921,0,OPTATIVO,GRADUAÇÃO
21463,133804417,133804382,2054925,0,OPTATIVO,GRADUAÇÃO
21514,133798062,133797961,61084,0,OPTATIVO,GRADUAÇÃO
21526,134044501,134044403,61102,0,OPTATIVO,GRADUAÇÃO
21565,133795140,133795010,55095,0,OPTATIVO,GRADUAÇÃO
21642,133795014,133795010,59634,0,OPTATIVO,GRADUAÇÃO
21657,134044449,134044403,2040701,0,OPTATIVO,GRADUAÇÃO
21715,133798024,133797961,55369,0,OPTATIVO,GRADUAÇÃO
21729,133798020,133797961,52973,0,OPTATIVO,GRADUAÇÃO
21832,133798092,133797961,55095,0,OPTATIVO,GRADUAÇÃO
21937,133804458,133804382,61107,0,OPTATIVO,GRADUAÇÃO
21939,133804391,133804382,62382,0,OPTATIVO,GRADUAÇÃO
22028,133795094,133795010,68476,0,OPTATIVO,GRADUAÇÃO
22056,134044570,134044403,55056,0,OPTATIVO,GRADUAÇÃO
22079,133799121,133797961,69624,0,OPTATIVO,GRADUAÇÃO
22378,133795134,133795010,55038,0,OPTATIVO,GRADUAÇÃO
22557,133804527,133804382,52692,0,OPTATIVO,GRADUAÇÃO
22741,134044561,134044403,52684,0,OPTATIVO,GRADUAÇÃO
22744,133804515,133804382,52793,0,OPTATIVO,GRADUAÇÃO
22747,133797974,133797961,26916,0,OPTATIVO,GRADUAÇÃO
22803,134044536,134044403,52672,0,OPTATIVO,GRADUAÇÃO
22845,139927901,134044403,69605,0,OPTATIVO,GRADUAÇÃO
22859,133797982,133797961,26924,0,OPTATIVO,GRADUAÇÃO
22940,134044615,134044403,62887,0,OPTATIVO,GRADUAÇÃO
23055,133795051,133795010,2054928,0,OPTATIVO,GRADUAÇÃO
23118,134044504,134044403,61105,0,OPTATIVO,GRADUAÇÃO
23314,133799089,133797961,69598,0,OPTATIVO,GRADUAÇÃO
23401,134044451,134044403,2040703,0,OPTATIVO,GRADUAÇÃO
23410,139889703,133795010,72272,0,OPTATIVO,GRADUAÇÃO
23616,133798084,133797961,55036,0,OPTATIVO,GRADUAÇÃO
23695,133798932,133795010,69618,0,OPTATIVO,GRADUAÇÃO
23865,133795083,133795010,57807,0,OPTATIVO,GRADUAÇÃO
24325,133804600,133804382,52973,6,OBRIGATÓRIO,GRADUAÇÃO
24367,134044503,134044403,61104,0,OPTATIVO,GRADUAÇÃO
24412,133798060,133797961,61101,0,OPTATIVO,GRADUAÇÃO
24445,139862066,134044403,72204,0,OPTATIVO,GRADUAÇÃO
24682,134044545,134044403,55044,0,OPTATIVO,GRADUAÇÃO
24683,133798924,133795010,69610,0,OPTATIVO,GRADUAÇÃO
24708,133804481,133804382,61116,0,OPTATIVO,GRADUAÇÃO
24731,133804576,133804382,66438,1,OBRIGATÓRIO,GRADUAÇÃO
24835,133798127,133797961,52794,0,OPTATIVO,GRADUAÇÃO
24845,133795148,133795010,55049,0,OPTATIVO,GRADUAÇÃO
24869,133795231,133795010,55023,3,OBRIGATÓRIO,GRADUAÇÃO
24894,134044474,134044403,2054956,0,OPTATIVO,GRADUAÇÃO
24948,133804555,133804382,62888,0,OPTATIVO,GRADUAÇÃO
25022,133804585,133804382,52664,3,OBRIGATÓRIO,GRADUAÇÃO
25189,134044422,134044403,26920,0,OPTATIVO,GRADUAÇÃO
25199,134044426,134044403,26924,0,OPTATIVO,GRADUAÇÃO
25250,133804474,133804382,61109,0,OPTATIVO,GRADUAÇÃO
25287,133795203,133795010,63932,0,OPTATIVO,GRADUAÇÃO
25515,134044549,134044403,55045,0,OPTATIVO,GRADUAÇÃO
25530,133795168,133795010,55054,0,OPTATIVO,GRADUAÇÃO
25659,133797989,133797961,21783,0,OPTATIVO,GRADUAÇÃO
25665,133795166,133795010,55052,0,OPTATIVO,GRADUAÇÃO
25666,151047042,133804382,69611,0,OPTATIVO,GRADUAÇÃO
25719,133795233,133795010,55025,3,OBRIGATÓRIO,GRADUAÇÃO
25725,133798083,133797961,52673,0,OPTATIVO,GRADUAÇÃO
25807,137397632,133804382,69601,0,OPTATIVO,GRADUAÇÃO
25867,133804825,133804382,42067,0,OPTATIVO,GRADUAÇÃO
26044,133804486,133804382,61121,0,OPTATIVO,GRADUAÇÃO
26051,134044469,134044403,2054951,0,OPTATIVO,GRADUAÇÃO
26176,133804574,133804382,66441,1,OBRIGATÓRIO,GRADUAÇÃO
26200,133795190,133795010,55085,0,OPTATIVO,GRADUAÇÃO
26219,133795208,133795010,65102,0,OPTATIVO,GRADUAÇÃO
26229,133804435,133804382,20033,0,OPTATIVO,GRADUAÇÃO
26342,133804393,133804382,26908,0,OPTATIVO,GRADUAÇÃO
26367,133797978,133797961,26920,0,OPTATIVO,GRADUAÇÃO
26391,133798072,133797961,61113,0,OPTATIVO,GRADUAÇÃO
26540,133795090,133795010,59738,0,OPTATIVO,GRADUAÇÃO
26545,133798095,133797961,55042,0,OPTATIVO,GRADUAÇÃO
26715,133798105,133797961,52682,0,OPTATIVO,GRADUAÇÃO
26741,134044553,134044403,55050,0,OPTATIVO,GRADUAÇÃO
26790,136619426,133795010,70885,0,OPTATIVO,GRADUAÇÃO
26929,134044509,134044403,61096,0,OPTATIVO,GRADUAÇÃO
27064,134044454,134044403,2054915,0,OPTATIVO,GRADUAÇÃO
27074,133804509,133804382,52683,0,OPTATIVO,GRADUAÇÃO
27077,134044492,134044403,59734,0,OPTATIVO,GRADUAÇÃO
27281,133795022,133795010,26915,0,OPTATIVO,GRADUAÇÃO
27330,133795095,133795010,61102,0,OPTATIVO,GRADUAÇÃO
27452,134044578,134044403,55021,2,OBRIGATÓRIO,GRADUAÇÃO
27510,133804603,133804382,66373,7,OBRIGATÓRIO,GRADUAÇÃO
27574,133795136,133795010,55037,0,OPTATIVO,GRADUAÇÃO
27593,133795160,133795010,52788,0,OPTATIVO,GRADUAÇÃO
27666,133795137,133795010,55094,0,OPTATIVO,GRADUAÇÃO
27695,139850945,134044403,69615,0,OPTATIVO,GRADUAÇÃO
27703,133804587,133804382,66437,3,OBRIGATÓRIO,GRADUAÇÃO
27733,136481511,133797961,68509,0,OPTATIVO,GRADUAÇÃO
27742,133798074,133797961,61115,0,OPTATIVO,GRADUAÇÃO
27753,134044583,134044403,52664,3,OBRIGATÓRIO,GRADUAÇÃO
27756,133804410,133804382,2054905,0,OPTATIVO,GRADUAÇÃO
27769,134044475,134044403,52811,0,OPTATIVO,GRADUAÇÃO
27842,133797983,133797961,68133,0,OPTATIVO,GRADUAÇÃO
27893,133804549,133804382,55062,0,OPTATIVO,GRADUAÇÃO
27958,133795070,133795010,52975,0,OPTATIVO,GRADUAÇÃO
28026,133798001,133797961,2054925,0,OPTATIVO,GRADUAÇÃO
28077,133798126,133797961,52694,0,OPTATIVO,GRADUAÇÃO
28148,134044522,134044403,61109,0,OPTATIVO,GRADUAÇÃO
28180,139890032,133797961,72274,0,OPTATIVO,GRADUAÇÃO
28182,133804581,133804382,52665,2,OBRIGATÓRIO,GRADUAÇÃO
28233,151047036,133804382,69600,0,OPTATIVO,GRADUAÇÃO
28330,133804456,133804382,61105,0,OPTATIVO,GRADUAÇÃO
28484,133795200,133795010,62887,0,OPTATIVO,GRADUAÇÃO
28839,133795227,133795010,66444,2,OBRIGATÓRIO,GRADUAÇÃO
28844,151043565,134044403,72714,0,OPTATIVO,GRADUAÇÃO
28920,133798189,133797961,52664,5,OBRIGATÓRIO,GRADUAÇÃO
28959,134044541,134044403,55039,0,OPTATIVO,GRADUAÇÃO
28993,133798138,133797961,55059,0,OPTATIVO,GRADUAÇÃO
29007,136619423,133795010,70886,0,OPTATIVO,GRADUAÇÃO
29043,134044526,134044403,61113,0,OPTATIVO,GRADUAÇÃO
29198,134044535,134044403,61122,0,OPTATIVO,GRADUAÇÃO
29231,134044458,134044403,2054922,0,OPTATIVO,GRADUAÇÃO
29236,133795030,133795010,26923,0,OPTATIVO,GRADUAÇÃO
29267,133804531,133804382,52697,0,OPTATIVO,GRADUAÇÃO
29352,134044434,134044403,25764,0,OPTATIVO,GRADUAÇÃO
29361,133798011,133797961,2054953,0,OPTATIVO,GRADUAÇÃO
29397,133798068,133797961,61109,0,OPTATIVO,GRADUAÇÃO
29415,136619422,133795010,70926,0,OPTATIVO,GRADUAÇÃO
29577,133798042,133797961,59738,0,OPTATIVO,GRADUAÇÃO
29663,133798159,133797961,65102,0,OPTATIVO,GRADUAÇÃO
29711,133798027,133797961,25561,0,OPTATIVO,GRADUAÇÃO
29805,134044642,134044403,2054912,4,OBRIGATÓRIO,GRADUAÇÃO
29829,133797994,133797961,2054905,0,OPTATIVO,GRADUAÇÃO
29849,133804593,133804382,23558,5,OBRIGATÓRIO,GRADUAÇÃO
29878,134044643,134044403,55026,4,OBRIGATÓRIO,GRADUAÇÃO
29999,133804461,133804382,61096,0,OPTATIVO,GRADUAÇÃO
30096,134044593,134044403,55054,0,OPTATIVO,GRADUAÇÃO
30123,134044443,134044403,21783,0,OPTATIVO,GRADUAÇÃO
30325,133804495,133804382,55041,0,OPTATIVO,GRADUAÇÃO
30345,133804439,133804382,56269,0,OPTATIVO,GRADUAÇÃO
30439,133795187,133795010,55059,0,OPTATIVO,GRADUAÇÃO
30526,134044453,134044403,2040705,0,OPTATIVO,GRADUAÇÃO
30611,134044588,134044403,2054919,7,OBRIGATÓRIO,GRADUAÇÃO
30622,134107162,133797961,64879,0,OPTATIVO,GRADUAÇÃO
30633,134044543,134044403,55094,0,OPTATIVO,GRADUAÇÃO
30697,134044572,134044403,55059,0,OPTATIVO,GRADUAÇÃO
30709,133795186,133795010,55058,0,OPTATIVO,GRADUAÇÃO
30932,133795065,133795010,52811,0,OPTATIVO,GRADUAÇÃO
31216,133798133,133797961,52996,0,OPTATIVO,GRADUAÇÃO
31223,133798125,133797961,52693,0,OPTATIVO,GRADUAÇÃO
31234,133795141,133795010,55043,0,OPTATIVO,GRADUAÇÃO
31243,151047037,133804382,69606,0,OPTATIVO,GRADUAÇÃO
31367,133797972,133797961,26908,0,OPTATIVO,GRADUAÇÃO
31559,151040546,133795010,72714,0,OPTATIVO,GRADUAÇÃO
31625,133804483,133804382,61118,0,OPTATIVO,GRADUAÇÃO
31715,133798003,133797961,2054928,0,OPTATIVO,GRADUAÇÃO
31994,133798177,133797961,55021,2,OBRIGATÓRIO,GRADUAÇÃO
32037,133795040,133795010,2054904,0,OPTATIVO,GRADUAÇÃO
32134,133798081,133797961,61122,0,OPTATIVO,GRADUAÇÃO
32197,133798191,133797961,52790,6,OBRIGATÓRIO,GRADUAÇÃO
32374,133795021,133795010,26908,0,OPTATIVO,GRADUAÇÃO
32377,134044479,134044403,52974,0,OPTATIVO,GRADUAÇÃO
32485,133798141,133797961,55085,0,OPTATIVO,GRADUAÇÃO
32494,134044442,134044403,21787,0,OPTATIVO,GRADUAÇÃO
32527,151043561,134044403,72715,0,OPTATIVO,GRADUAÇÃO
32585,133795076,133795010,20033,0,OPTATIVO,GRADUAÇÃO
32599,133795122,133795010,61115,0,OPTATIVO,GRADUAÇÃO
32613,133797977,133797961,26919,0,OPTATIVO,GRADUAÇÃO
32619,134044481,134044403,52990,0,OPTATIVO,GRADUAÇÃO
32703,133804821,133804382,2040950,0,OPTATIVO,GRADUAÇÃO
32734,133798123,133797961,52691,0,OPTATIVO,GRADUAÇÃO
32739,133795192,133795010,68482,0,OPTATIVO,GRADUAÇÃO
32776,133798176,133797961,55020,2,OBRIGATÓRIO,GRADUAÇÃO
32850,151042958,133804382,72710,0,OPTATIVO,GRADUAÇÃO
32895,133795046,133795010,2054919,0,OPTATIVO,GRADUAÇÃO
32951,151042959,133804382,72709,0,OPTATIVO,GRADUAÇÃO
33136,133798914,133795010,69600,0,OPTATIVO,GRADUAÇÃO
33166,134044438,134044403,21774,0,OPTATIVO,GRADUAÇÃO
33187,133804564,133804382,66481,0,OPTATIVO,GRADUAÇÃO
33200,133795139,133795010,55044,0,OPTATIVO,GRADUAÇÃO
33209,133797973,133797961,26915,0,OPTATIVO,GRADUAÇÃO
33275,134044579,134044403,55022,2,OBRIGATÓRIO,GRADUAÇÃO
33283,133795052,133795010,2054929,0,OPTATIVO,GRADUAÇÃO
33392,134044648,134044403,69698,5,OBRIGATÓRIO,GRADUAÇÃO
33411,133798102,133797961,52792,0,OPTATIVO,GRADUAÇÃO
33512,134044505,134044403,61106,0,OPTATIVO,GRADUAÇÃO
33695,133795218,133795010,23557,0,OPTATIVO,GRADUAÇÃO
33749,139931770,133804382,69603,0,OPTATIVO,GRADUAÇÃO
33752,133795224,133795010,66438,1,OBRIGATÓRIO,GRADUAÇÃO
33772,133795211,133795010,68510,0,OPTATIVO,GRADUAÇÃO
33861,133804482,133804382,61117,0,OPTATIVO,GRADUAÇÃO
33937,133795193,133795010,63936,0,OPTATIVO,GRADUAÇÃO
33952,133804422,133804382,2054931,0,OPTATIVO,GRADUAÇÃO
33967,133795167,133795010,55053,0,OPTATIVO,GRADUAÇÃO
34071,134044436,134044403,26934,0,OPTATIVO,GRADUAÇÃO
34211,133795087,133795010,59735,0,OPTATIVO,GRADUAÇÃO
34251,133804388,133804382,55939,0,OPTATIVO,GRADUAÇÃO
34328,133798906,133795010,69598,0,OPTATIVO,GRADUAÇÃO
34381,133804566,133804382,61132,0,OPTATIVO,GRADUAÇÃO
34454,133798937,133795010,69623,0,OPTATIVO,GRADUAÇÃO
34547,133798026,133797961,23553,0,OPTATIVO,GRADUAÇÃO
34785,134044450,134044403,2040702,0,OPTATIVO,GRADUAÇÃO
34811,133798096,133797961,55045,0,OPTATIVO,GRADUAÇÃO
35053,133795084,133795010,59732,0,OPTATIVO,GRADUAÇÃO
35308,137397631,133804382,66439,0,OPTATIVO,GRADUAÇÃO
35484,133797971,133797961,68447,0,OPTATIVO,GRADUAÇÃO
35526,134044411,134044403,55939,0,OPTATIVO,GRADUAÇÃO
35529,133799099,133797961,69602,0,OPTATIVO,GRADUAÇÃO
35553,134044407,134044403,43193,0,OPTATIVO,GRADUAÇÃO
35617,140868869,133795010,26904,0,OPTATIVO,GRADUAÇÃO
35784,133795158,133795010,52795,0,OPTATIVO,GRADUAÇÃO
35822,133795107,133795010,61100,0,OPTATIVO,GRADUAÇÃO
35846,133798098,133797961,55048,0,OPTATIVO,GRADUAÇÃO
35852,133804443,133804382,59733,0,OPTATIVO,GRADUAÇÃO
35907,134044465,134044403,2054930,0,OPTATIVO,GRADUAÇÃO
36002,133798039,133797961,59735,0,OPTATIVO,GRADUAÇÃO
36045,133804424,133804382,2054950,0,OPTATIVO,GRADUAÇÃO
36050,133795117,133795010,61110,0,OPTATIVO,GRADUAÇÃO
36054,133804477,133804382,61112,0,OPTATIVO,GRADUAÇÃO
36376,140869114,133804382,26904,0,OPTATIVO,GRADUAÇÃO
36436,151006945,133797961,66443,0,OPTATIVO,GRADUAÇÃO
36448,133798063,133797961,61085,0,OPTATIVO,GRADUAÇÃO
36506,133799090,133797961,69592,0,OPTATIVO,GRADUAÇÃO
36707,133798154,133797961,63932,0,OPTATIVO,GRADUAÇÃO
36729,133804468,133804382,61084,0,OPTATIVO,GRADUAÇÃO
36736,133795156,133795010,52684,0,OPTATIVO,GRADUAÇÃO
36770,133798188,133797961,52666,4,OBRIGATÓRIO,GRADUAÇÃO
36777,137396715,133795010,66439,0,OPTATIVO,GRADUAÇÃO
36895,133798912,133795010,69597,0,OPTATIVO,GRADUAÇÃO
36921,151040549,133795010,72709,0,OPTATIVO,GRADUAÇÃO
36954,133804553,133804382,62886,0,OPTATIVO,GRADUAÇÃO
36969,133804511,133804382,52791,0,OPTATIVO,GRADUAÇÃO
36983,133795036,133795010,21717,0,OPTATIVO,GRADUAÇÃO
37103,133795238,133795010,52666,4,OBRIGATÓRIO,GRADUAÇÃO
37199,133798122,133797961,52690,0,OPTATIVO,GRADUAÇÃO
37342,133804584,133804382,55024,3,OBRIGATÓRIO,GRADUAÇÃO
37366,133798112,133797961,52793,0,OPTATIVO,GRADUAÇÃO
37472,134044533,134044403,61120,0,OPTATIVO,GRADUAÇÃO
37521,133804601,133804382,52974,6,OBRIGATÓRIO,GRADUAÇÃO
37681,133797962,133797961,2041507,0,OPTATIVO,GRADUAÇÃO
37793,133798928,133795010,69614,0,OPTATIVO,GRADUAÇÃO
37821,134044470,134044403,2054952,0,OPTATIVO,GRADUAÇÃO
37900,140869138,134044403,26904,0,OPTATIVO,GRADUAÇÃO
38184,137397242,133797961,69695,0,OPTATIVO,GRADUAÇÃO
38216,134044639,134044403,55025,3,OBRIGATÓRIO,GRADUAÇÃO
38257,134044547,134044403,55043,0,OPTATIVO,GRADUAÇÃO
38474,133804535,133804382,52702,0,OPTATIVO,GRADUAÇÃO
38508,133795038,133795010,21783,0,OPTATIVO,GRADUAÇÃO
38689,134044490,134044403,59732,0,OPTATIVO,GRADUAÇÃO
38695,133795019,133795010,62382,0,OPTATIVO,GRADUAÇÃO
38730,133804550,133804382,66482,0,OPTATIVO,GRADUAÇÃO
38735,133804455,133804382,61104,0,OPTATIVO,GRADUAÇÃO
38782,134044471,134044403,2054953,0,OPTATIVO,GRADUAÇÃO
38865,134045128,134044403,66440,1,OBRIGATÓRIO,GRADUAÇÃO
38972,134044619,134044403,63933,0,OPTATIVO,GRADUAÇÃO
39012,133798010,133797961,2054952,0,OPTATIVO,GRADUAÇÃO
39055,133799101,133797961,69604,0,OPTATIVO,GRADUAÇÃO
39343,133804499,133804382,55096,0,OPTATIVO,GRADUAÇÃO
39464,151048617,133804382,69593,0,OPTATIVO,GRADUAÇÃO
39527,134044610,134044403,55062,0,OPTATIVO,GRADUAÇÃO
39805,137397981,134044403,70926,0,OPTATIVO,GRADUAÇÃO
39806,133795097,133795010,61104,0,OPTATIVO,GRADUAÇÃO
39810,133798029,133797961,46256,0,OPTATIVO,GRADUAÇÃO
39834,133798104,133797961,52685,0,OPTATIVO,GRADUAÇÃO
39863,133795037,133795010,21787,0,OPTATIVO,GRADUAÇÃO
39872,133798000,133797961,2054922,0,OPTATIVO,GRADUAÇÃO
40234,133799086,133797961,69589,0,OPTATIVO,GRADUAÇÃO
40299,133795112,133795010,61086,0,OPTATIVO,GRADUAÇÃO
40621,134107140,133795010,64878,0,OPTATIVO,GRADUAÇÃO
40632,133804484,133804382,61119,0,OPTATIVO,GRADUAÇÃO
40757,133795169,133795010,55074,0,OPTATIVO,GRADUAÇÃO
40825,134044630,134044403,53193,0,OPTATIVO,GRADUAÇÃO
40872,133804385,133804382,26528,0,OPTATIVO,GRADUAÇÃO
40912,133795062,133795010,2054956,0,OPTATIVO,GRADUAÇÃO
40916,133804480,133804382,61115,0,OPTATIVO,GRADUAÇÃO
41095,133798009,133797961,2054951,0,OPTATIVO,GRADUAÇÃO
41144,133804444,133804382,59734,0,OPTATIVO,GRADUAÇÃO
41179,133804558,133804382,63933,0,OPTATIVO,GRADUAÇÃO
41287,151047858,133804382,69624,0,OPTATIVO,GRADUAÇÃO
41388,133798058,133797961,61099,0,OPTATIVO,GRADUAÇÃO
41391,133804824,133804382,42066,0,OPTATIVO,GRADUAÇÃO
41403,133804542,133804382,55060,0,OPTATIVO,GRADUAÇÃO
41432,133798167,133797961,55325,0,OPTATIVO,GRADUAÇÃO
41457,133804437,133804382,27733,0,OPTATIVO,GRADUAÇÃO
41483,151040542,133795010,66443,0,OPTATIVO,GRADUAÇÃO
41540,133795207,133795010,63934,0,OPTATIVO,GRADUAÇÃO
41552,134044416,134044403,26908,0,OPTATIVO,GRADUAÇÃO
41611,134044546,134044403,55095,0,OPTATIVO,GRADUAÇÃO
41722,133795180,133795010,52700,0,OPTATIVO,GRADUAÇÃO
41734,134044418,134044403,26916,0,OPTATIVO,GRADUAÇÃO
41911,134044437,134044403,23558,0,OPTATIVO,GRADUAÇÃO
41932,134044584,134044403,52870,6,OBRIGATÓRIO,GRADUAÇÃO
41983,133795110,133795010,61084,0,OPTATIVO,GRADUAÇÃO
41998,134044448,134044403,2040700,0,OPTATIVO,GRADUAÇÃO
42076,134044529,134044403,61116,0,OPTATIVO,GRADUAÇÃO
42088,133799388,133795010,69696,0,OPTATIVO,GRADUAÇÃO
42165,134044417,134044403,26915,0,OPTATIVO,GRADUAÇÃO
42195,134089027,133795010,69698,0,OPTATIVO,GRADUAÇÃO
42234,133804462,133804382,61097,0,OPTATIVO,GRADUAÇÃO
42276,134044512,134044403,61099,0,OPTATIVO,GRADUAÇÃO
42336,133798031,133797961,51457,0,OPTATIVO,GRADUAÇÃO
42474,133804523,133804382,55074,0,OPTATIVO,GRADUAÇÃO
42498,133799108,133797961,69611,0,OPTATIVO,GRADUAÇÃO
42538,134044587,134044403,2054914,7,OBRIGATÓRIO,GRADUAÇÃO
42566,133804400,133804382,26921,0,OPTATIVO,GRADUAÇÃO
42606,134044538,134044403,55036,0,OPTATIVO,GRADUAÇÃO
42651,134044601,134044403,52698,0,OPTATIVO,GRADUAÇÃO
42724,134044467,134044403,2054932,0,OPTATIVO,GRADUAÇÃO
42785,133798054,133797961,61095,0,OPTATIVO,GRADUAÇÃO
42859,133795071,133795010,52990,0,OPTATIVO,GRADUAÇÃO
42901,133798165,133797961,65103,0,OPTATIVO,GRADUAÇÃO
43030,134044452,134044403,2040704,0,OPTATIVO,GRADUAÇÃO
43043,133797986,133797961,21764,0,OPTATIVO,GRADUAÇÃO
43085,134044506,134044403,61107,0,OPTATIVO,GRADUAÇÃO
43091,133795201,133795010,62888,0,OPTATIVO,GRADUAÇÃO
43094,134045134,134044403,66373,6,OBRIGATÓRIO,GRADUAÇÃO
43153,134044608,134044403,68482,0,OPTATIVO,GRADUAÇÃO
43254,133798166,133797961,53193,0,OPTATIVO,GRADUAÇÃO
43264,133804537,133804382,55055,0,OPTATIVO,GRADUAÇÃO
43354,134044518,134044403,61086,0,OPTATIVO,GRADUAÇÃO
43374,134044429,134044403,26928,0,OPTATIVO,GRADUAÇÃO
43464,133797976,133797961,26918,0,OPTATIVO,GRADUAÇÃO
43546,133795069,133795010,52974,0,OPTATIVO,GRADUAÇÃO
43637,133798050,133797961,61105,0,OPTATIVO,GRADUAÇÃO
43691,133804430,133804382,2054956,0,OPTATIVO,GRADUAÇÃO
43837,133804431,133804382,52813,0,OPTATIVO,GRADUAÇÃO
43859,133804532,133804382,52698,0,OPTATIVO,GRADUAÇÃO
43869,134044489,134044403,57807,0,OPTATIVO,GRADUAÇÃO
43895,133804534,133804382,52700,0,OPTATIVO,GRADUAÇÃO
43914,133798131,133797961,52700,0,OPTATIVO,GRADUAÇÃO
44105,133804518,133804382,52687,0,OPTATIVO,GRADUAÇÃO
44128,133804423,133804382,2054932,0,OPTATIVO,GRADUAÇÃO
44200,133795219,133795010,55019,1,OBRIGATÓRIO,GRADUAÇÃO
44237,133795063,133795010,52813,0,OPTATIVO,GRADUAÇÃO
44250,133798180,133797961,52665,2,OBRIGATÓRIO,GRADUAÇÃO
44349,133804473,133804382,61094,0,OPTATIVO,GRADUAÇÃO
44489,133798051,133797961,61106,0,OPTATIVO,GRADUAÇÃO
44502,133804552,133804382,61129,0,OPTATIVO,GRADUAÇÃO
44521,133798918,133795010,69604,0,OPTATIVO,GRADUAÇÃO
44635,133798119,133797961,55054,0,OPTATIVO,GRADUAÇÃO
44690,133804463,133804382,61098,0,OPTATIVO,GRADUAÇÃO
44711,134044537,134044403,52673,0,OPTATIVO,GRADUAÇÃO
44758,133798030,133797961,27733,0,OPTATIVO,GRADUAÇÃO
44777,133804578,133804382,52662,2,OBRIGATÓRIO,GRADUAÇÃO
44843,133804466,133804382,61101,0,OPTATIVO,GRADUAÇÃO
44870,134045737,133804382,69698,6,OBRIGATÓRIO,GRADUAÇÃO
44900,133798931,133795010,69617,0,OPTATIVO,GRADUAÇÃO
45003,139853022,133797961,72275,0,OPTATIVO,GRADUAÇÃO
45133,133795125,133795010,61118,0,OPTATIVO,GRADUAÇÃO
45137,133804582,133804382,66444,2,OBRIGATÓRIO,GRADUAÇÃO
45209,134044557,134044403,52792,0,OPTATIVO,GRADUAÇÃO
45283,133798930,133795010,69616,0,OPTATIVO,GRADUAÇÃO
45456,151036498,133797961,72715,0,OPTATIVO,GRADUAÇÃO
45492,133797966,133797961,64877,0,OPTATIVO,GRADUAÇÃO
45547,133804598,133804382,52790,6,OBRIGATÓRIO,GRADUAÇÃO
45563,133804589,133804382,55027,4,OBRIGATÓRIO,GRADUAÇÃO
45693,133798124,133797961,52692,0,OPTATIVO,GRADUAÇÃO
45748,133799084,133797961,69587,0,OPTATIVO,GRADUAÇÃO
45784,133799120,133797961,69623,0,OPTATIVO,GRADUAÇÃO
45793,133798147,133797961,66482,0,OPTATIVO,GRADUAÇÃO
45800,139927845,133804382,69605,0,OPTATIVO,GRADUAÇÃO
45831,133798059,133797961,61100,0,OPTATIVO,GRADUAÇÃO
45912,139850505,133797961,69693,0,OPTATIVO,GRADUAÇÃO
45984,133795225,133795010,66440,1,OBRIGATÓRIO,GRADUAÇÃO
46137,133804451,133804382,65104,0,OPTATIVO,GRADUAÇÃO
46197,133795060,133795010,2054954,0,OPTATIVO,GRADUAÇÃO
46277,151042963,133804382,72711,0,OPTATIVO,GRADUAÇÃO
46287,137509250,134044403,70970,0,OPTATIVO,GRADUAÇÃO
46399,133798916,133795010,69602,0,OPTATIVO,GRADUAÇÃO
46528,134044555,134044403,52790,0,OPTATIVO,GRADUAÇÃO
46587,133797987,133797961,21717,0,OPTATIVO,GRADUAÇÃO
46667,134044559,134044403,52682,0,OPTATIVO,GRADUAÇÃO
46680,151048615,133804382,69590,0,OPTATIVO,GRADUAÇÃO
46724,133798037,133797961,59733,0,OPTATIVO,GRADUAÇÃO
46741,133798173,133797961,66436,1,OBRIGATÓRIO,GRADUAÇÃO
46768,133798917,133795010,69603,0,OPTATIVO,GRADUAÇÃO
46802,133799107,133797961,69610,0,OPTATIVO,GRADUAÇÃO
46873,151036495,133797961,72711,0,OPTATIVO,GRADUAÇÃO
46913,133804471,133804382,61087,0,OPTATIVO,GRADUAÇÃO
46921,133795106,133795010,61099,0,OPTATIVO,GRADUAÇÃO
46957,133798936,133795010,69622,0,OPTATIVO,GRADUAÇÃO
47029,133795016,133795010,55939,0,OPTATIVO,GRADUAÇÃO
47183,134044427,134044403,2022853,0,OPTATIVO,GRADUAÇÃO
47188,133795170,133795010,55083,0,OPTATIVO,GRADUAÇÃO
47203,134044500,134044403,68476,0,OPTATIVO,GRADUAÇÃO
47226,133795067,133795010,52972,0,OPTATIVO,GRADUAÇÃO
47290,133795153,133795010,52685,0,OPTATIVO,GRADUAÇÃO
47331,151040548,133795010,72708,0,OPTATIVO,GRADUAÇÃO
47596,137397633,133804382,70883,0,OPTATIVO,GRADUAÇÃO
47745,133798103,133797961,52789,0,OPTATIVO,GRADUAÇÃO
47922,151047039,133804382,69608,0,OPTATIVO,GRADUAÇÃO
48004,133804476,133804382,61111,0,OPTATIVO,GRADUAÇÃO
48008,133795032,133795010,68133,0,OPTATIVO,GRADUAÇÃO
48074,134044651,134044403,52866,5,OBRIGATÓRIO,GRADUAÇÃO
48141,133798017,133797961,52811,0,OPTATIVO,GRADUAÇÃO
48143,133797992,133797961,2054904,0,OPTATIVO,GRADUAÇÃO
48149,133804418,133804382,2054927,0,OPTATIVO,GRADUAÇÃO
48456,134044406,134044403,2041507,0,OPTATIVO,GRADUAÇÃO
48690,133795173,133795010,52692,0,OPTATIVO,GRADUAÇÃO
48697,137397243,133797961,69696,0,OPTATIVO,GRADUAÇÃO
48709,136619425,133795010,70884,0,OPTATIVO,GRADUAÇÃO
48798,140151364,134044403,69598,0,OPTATIVO,GRADUAÇÃO
48821,133804453,133804382,61102,0,OPTATIVO,GRADUAÇÃO
48849,151046242,133804382,66426,0,OPTATIVO,GRADUAÇÃO
49001,133804559,133804382,63937,0,OPTATIVO,GRADUAÇÃO
49002,133795198,133795010,61129,0,OPTATIVO,GRADUAÇÃO
49151,133804569,133804382,53193,0,OPTATIVO,GRADUAÇÃO
49159,137397986,134044403,69695,0,OPTATIVO,GRADUAÇÃO
49199,133795017,133795010,55940,0,OPTATIVO,GRADUAÇÃO
49295,151043566,134044403,66443,0,OPTATIVO,GRADUAÇÃO
49403,134044532,134044403,61119,0,OPTATIVO,GRADUAÇÃO
49423,151040547,133795010,72715,0,OPTATIVO,GRADUAÇÃO
49511,133804432,133804382,52990,0,OPTATIVO,GRADUAÇÃO
49605,134044628,134044403,68477,0,OPTATIVO,GRADUAÇÃO
49654,133795171,133795010,52690,0,OPTATIVO,GRADUAÇÃO
49700,133798021,133797961,52974,0,OPTATIVO,GRADUAÇÃO
49736,133804440,133804382,57806,0,OPTATIVO,GRADUAÇÃO
49743,133798161,133797961,66481,0,OPTATIVO,GRADUAÇÃO
49822,134044464,134044403,2054929,0,OPTATIVO,GRADUAÇÃO
49823,133795165,133795010,52688,0,OPTATIVO,GRADUAÇÃO
49982,133804425,133804382,2054951,0,OPTATIVO,GRADUAÇÃO
49987,134044622,134044403,63934,0,OPTATIVO,GRADUAÇÃO
50026,133795176,133795010,52794,0,OPTATIVO,GRADUAÇÃO
50150,151043562,134044403,72711,0,OPTATIVO,GRADUAÇÃO
50231,136619677,133797961,70926,0,OPTATIVO,GRADUAÇÃO
50271,134044571,134044403,55058,0,OPTATIVO,GRADUAÇÃO
50376,134044409,134044403,59634,0,OPTATIVO,GRADUAÇÃO
50437,134044472,134044403,2054954,0,OPTATIVO,GRADUAÇÃO
50535,133798923,133795010,69609,0,OPTATIVO,GRADUAÇÃO
50555,133795057,133795010,2054951,0,OPTATIVO,GRADUAÇÃO
50672,133795197,133795010,66665,0,OPTATIVO,GRADUAÇÃO
50802,151051343,133804382,69597,0,OPTATIVO,GRADUAÇÃO
50836,134044496,134044403,59738,0,OPTATIVO,GRADUAÇÃO
51000,133804528,133804382,52693,0,OPTATIVO,GRADUAÇÃO
51004,133804409,133804382,2054957,0,OPTATIVO,GRADUAÇÃO
51066,134044626,134044403,68510,0,OPTATIVO,GRADUAÇÃO
51072,133804497,133804382,55095,0,OPTATIVO,GRADUAÇÃO
51133,134089101,133797961,69698,0,OPTATIVO,GRADUAÇÃO
51185,137397985,134044403,70883,0,OPTATIVO,GRADUAÇÃO
51290,133798016,133797961,52866,0,OPTATIVO,GRADUAÇÃO
51336,133799119,133797961,69622,0,OPTATIVO,GRADUAÇÃO
51376,133795215,133795010,53193,0,OPTATIVO,GRADUAÇÃO
51422,133798046,133797961,68476,0,OPTATIVO,GRADUAÇÃO
51427,133798040,133797961,59736,0,OPTATIVO,GRADUAÇÃO
51511,133795114,133795010,61093,0,OPTATIVO,GRADUAÇÃO
51533,133795055,133795010,2054932,0,OPTATIVO,GRADUAÇÃO
51535,133804389,133804382,55940,0,OPTATIVO,GRADUAÇÃO
51573,151042306,133797961,52689,0,OPTATIVO,GRADUAÇÃO
51615,151047855,133804382,69621,0,OPTATIVO,GRADUAÇÃO
51616,133798175,133797961,66440,1,OBRIGATÓRIO,GRADUAÇÃO
51717,133798048,133797961,61103,0,OPTATIVO,GRADUAÇÃO
51969,133795074,133795010,23553,0,OPTATIVO,GRADUAÇÃO
51992,134044520,134044403,61093,0,OPTATIVO,GRADUAÇÃO
52008,134044565,134044403,52793,0,OPTATIVO,GRADUAÇÃO
52096,134044625,134044403,66481,0,OPTATIVO,GRADUAÇÃO
52141,133804454,133804382,61103,0,OPTATIVO,GRADUAÇÃO
52207,133804605,133804382,52975,7,OBRIGATÓRIO,GRADUAÇÃO
52304,133799083,133797961,69586,0,OPTATIVO,GRADUAÇÃO
52318,134044424,134044403,26922,0,OPTATIVO,GRADUAÇÃO
52446,133804513,133804382,52681,0,OPTATIVO,GRADUAÇÃO
52507,134044590,134044403,52995,0,OPTATIVO,GRADUAÇÃO
52568,133798043,133797961,59739,0,OPTATIVO,GRADUAÇÃO
52637,133804502,133804382,55049,0,OPTATIVO,GRADUAÇÃO
52651,133804540,133804382,55058,0,OPTATIVO,GRADUAÇÃO
52783,151042960,133804382,72713,0,OPTATIVO,GRADUAÇÃO
52787,133798121,133797961,55083,0,OPTATIVO,GRADUAÇÃO
52914,133797969,133797961,62381,0,OPTATIVO,GRADUAÇÃO
52918,134044432,134044403,21752,0,OPTATIVO,GRADUAÇÃO
53060,134044576,134044403,63936,0,OPTATIVO,GRADUAÇÃO
53196,133798899,133795010,69585,0,OPTATIVO,GRADUAÇÃO
53253,133795015,133795010,64877,0,OPTATIVO,GRADUAÇÃO
53282,134045131,134044403,2054904,4,OBRIGATÓRIO,GRADUAÇÃO
53291,133804449,133804382,59739,0,OPTATIVO,GRADUAÇÃO
53405,133799113,133797961,69616,0,OPTATIVO,GRADUAÇÃO
53534,133804448,133804382,59738,0,OPTATIVO,GRADUAÇÃO
53602,133804568,133804382,65103,0,OPTATIVO,GRADUAÇÃO
53747,151040550,133795010,72717,0,OPTATIVO,GRADUAÇÃO
53802,134044521,134044403,61094,0,OPTATIVO,GRADUAÇÃO
53960,133804562,133804382,65102,0,OPTATIVO,GRADUAÇÃO
54094,133798034,133797961,57806,0,OPTATIVO,GRADUAÇÃO
54108,133795056,133795010,2054950,0,OPTATIVO,GRADUAÇÃO
54187,133798136,133797961,55057,0,OPTATIVO,GRADUAÇÃO
54210,134044480,134044403,52975,0,OPTATIVO,GRADUAÇÃO
54254,137397983,134044403,66439,0,OPTATIVO,GRADUAÇÃO
54262,151047849,133804382,69587,0,OPTATIVO,GRADUAÇÃO
54284,151040543,133795010,52689,0,OPTATIVO,GRADUAÇÃO
54397,133804548,133804382,55061,0,OPTATIVO,GRADUAÇÃO
54471,133798913,133795010,69599,0,OPTATIVO,GRADUAÇÃO
54533,133797999,133797961,2054921,0,OPTATIVO,GRADUAÇÃO
54662,133795223,133795010,66436,1,OBRIGATÓRIO,GRADUAÇÃO
54703,139651572,133804382,72204,0,OPTATIVO,GRADUAÇÃO
54737,133795213,133795010,68477,0,OPTATIVO,GRADUAÇÃO
54739,134044607,134044403,68479,0,OPTATIVO,GRADUAÇÃO
54773,134044637,134044403,55082,1,OBRIGATÓRIO,GRADUAÇÃO
54785,133798908,133795010,69593,0,OPTATIVO,GRADUAÇÃO
54815,133804426,133804382,2054952,0,OPTATIVO,GRADUAÇÃO
55153,133799389,133795010,69695,0,OPTATIVO,GRADUAÇÃO
55203,133795075,133795010,25561,0,OPTATIVO,GRADUAÇÃO
55491,133804565,133804382,68510,0,OPTATIVO,GRADUAÇÃO
55513,134044420,134044403,26918,0,OPTATIVO,GRADUAÇÃO
55580,133804561,133804382,63934,0,OPTATIVO,GRADUAÇÃO
55584,134044566,134044403,52796,0,OPTATIVO,GRADUAÇÃO
55597,133795033,133795010,26931,0,OPTATIVO,GRADUAÇÃO
55614,151047852,133804382,69585,0,OPTATIVO,GRADUAÇÃO
55709,137397980,134044403,69612,0,OPTATIVO,GRADUAÇÃO
55768,133798070,133797961,61111,0,OPTATIVO,GRADUAÇÃO
55932,133798053,133797961,61108,0,OPTATIVO,GRADUAÇÃO
56019,133798008,133797961,2054950,0,OPTATIVO,GRADUAÇÃO
56066,133804457,133804382,61106,0,OPTATIVO,GRADUAÇÃO
56117,133798077,133797961,61118,0,OPTATIVO,GRADUAÇÃO
56177,134044463,134044403,2054928,0,OPTATIVO,GRADUAÇÃO
56217,133798064,133797961,61086,0,OPTATIVO,GRADUAÇÃO
56243,133795220,133795010,55020,1,OBRIGATÓRIO,GRADUAÇÃO
56257,134045127,134044403,66438,1,OBRIGATÓRIO,GRADUAÇÃO
56372,133795113,133795010,61087,0,OPTATIVO,GRADUAÇÃO
56390,133797965,133797961,59634,0,OPTATIVO,GRADUAÇÃO
56590,134045129,134044403,66437,3,OBRIGATÓRIO,GRADUAÇÃO
56601,134044606,134044403,55057,0,OPTATIVO,GRADUAÇÃO
56613,133795080,133795010,52536,0,OPTATIVO,GRADUAÇÃO
56740,133804478,133804382,61113,0,OPTATIVO,GRADUAÇÃO
56756,151048618,133804382,69594,0,OPTATIVO,GRADUAÇÃO
56768,134044462,134044403,2054927,0,OPTATIVO,GRADUAÇÃO
56910,134044404,134044403,69664,0,OPTATIVO,GRADUAÇÃO
56933,133798044,133797961,63935,0,OPTATIVO,GRADUAÇÃO
57095,134044562,134044403,52795,0,OPTATIVO,GRADUAÇÃO
57148,133795091,133795010,59739,0,OPTATIVO,GRADUAÇÃO
57170,133804475,133804382,61110,0,OPTATIVO,GRADUAÇÃO
57252,133798904,133795010,69590,0,OPTATIVO,GRADUAÇÃO
57261,134044498,134044403,63935,0,OPTATIVO,GRADUAÇÃO
57269,151043563,134044403,52689,0,OPTATIVO,GRADUAÇÃO
57288,133798061,133797961,61083,0,OPTATIVO,GRADUAÇÃO
57301,134044544,134044403,55041,0,OPTATIVO,GRADUAÇÃO
57372,134107164,133797961,66426,0,OPTATIVO,GRADUAÇÃO
57377,133804579,133804382,55021,2,OBRIGATÓRIO,GRADUAÇÃO
57416,133804421,133804382,2054930,0,OPTATIVO,GRADUAÇÃO
57458,133798049,133797961,61104,0,OPTATIVO,GRADUAÇÃO
57671,133795163,133795010,52686,0,OPTATIVO,GRADUAÇÃO
57699,133795199,133795010,62886,0,OPTATIVO,GRADUAÇÃO
57720,133798110,133797961,52681,0,OPTATIVO,GRADUAÇÃO
57918,134044487,134044403,51457,0,OPTATIVO,GRADUAÇÃO
57960,133798052,133797961,61107,0,OPTATIVO,GRADUAÇÃO
58059,133797980,133797961,26922,0,OPTATIVO,GRADUAÇÃO
58086,134044563,134044403,52681,0,OPTATIVO,GRADUAÇÃO
58139,133798900,133795010,69586,0,OPTATIVO,GRADUAÇÃO
58576,133795172,133795010,52691,0,OPTATIVO,GRADUAÇÃO
58787,134044598,134044403,52694,0,OPTATIVO,GRADUAÇÃO
58893,133795191,133795010,68479,0,OPTATIVO,GRADUAÇÃO
58965,133795123,133795010,61116,0,OPTATIVO,GRADUAÇÃO
59038,136619424,133795010,70883,0,OPTATIVO,GRADUAÇÃO
59253,133795115,133795010,61094,0,OPTATIVO,GRADUAÇÃO
59331,151054101,133804382,69614,0,OPTATIVO,GRADUAÇÃO
59454,134044611,134044403,66482,0,OPTATIVO,GRADUAÇÃO
59480,133798172,133797961,66441,1,OBRIGATÓRIO,GRADUAÇÃO
59542,151043564,134044403,72717,0,OPTATIVO,GRADUAÇÃO
59560,133798069,133797961,61110,0,OPTATIVO,GRADUAÇÃO
59588,151036501,133797961,72717,0,OPTATIVO,GRADUAÇÃO
59609,133795184,133795010,55056,0,OPTATIVO,GRADUAÇÃO
59712,134044441,134044403,21717,0,OPTATIVO,GRADUAÇÃO
59782,134044519,134044403,61087,0,OPTATIVO,GRADUAÇÃO
59851,151048619,133804382,69596,0,OPTATIVO,GRADUAÇÃO
60241,139932267,133804382,69602,0,OPTATIVO,GRADUAÇÃO
60296,151047848,133804382,69604,0,OPTATIVO,GRADUAÇÃO
60349,151036500,133797961,72709,0,OPTATIVO,GRADUAÇÃO
60445,133804452,133804382,68476,0,OPTATIVO,GRADUAÇÃO
60612,137397629,133804382,70926,0,OPTATIVO,GRADUAÇÃO
60639,134044581,134044403,55023,3,OBRIGATÓRIO,GRADUAÇÃO
60795,139890031,133797961,72272,0,OPTATIVO,GRADUAÇÃO
60811,137397987,134044403,69595,0,OPTATIVO,GRADUAÇÃO
60909,137397244,133797961,66439,0,OPTATIVO,GRADUAÇÃO
60933,133804420,133804382,2054929,0,OPTATIVO,GRADUAÇÃO
61016,151048616,133804382,69592,0,OPTATIVO,GRADUAÇÃO
61140,133804479,133804382,61114,0,OPTATIVO,GRADUAÇÃO
61150,133795221,133795010,55082,1,OBRIGATÓRIO,GRADUAÇÃO
61273,136619678,133797961,70886,0,OPTATIVO,GRADUAÇÃO
61340,134044591,134044403,55052,0,OPTATIVO,GRADUAÇÃO
61352,134044445,134044403,40136,0,OPTATIVO,GRADUAÇÃO
61393,133798929,133795010,69615,0,OPTATIVO,GRADUAÇÃO
61509,139889701,133795010,72273,0,OPTATIVO,GRADUAÇÃO
61786,133797998,133797961,2054919,0,OPTATIVO,GRADUAÇÃO
61804,151046241,133804382,64878,0,OPTATIVO,GRADUAÇÃO
61904,133795210,133795010,66481,0,OPTATIVO,GRADUAÇÃO
61948,133795159,133795010,52681,0,OPTATIVO,GRADUAÇÃO
62019,133798111,133797961,52788,0,OPTATIVO,GRADUAÇÃO
62163,133795129,133795010,61122,0,OPTATIVO,GRADUAÇÃO
62207,133804445,133804382,59735,0,OPTATIVO,GRADUAÇÃO
62324,133797981,133797961,26923,0,OPTATIVO,GRADUAÇÃO
62336,133795179,133795010,52699,0,OPTATIVO,GRADUAÇÃO
62388,136619681,133797961,70885,0,OPTATIVO,GRADUAÇÃO
62460,133795099,133795010,61106,0,OPTATIVO,GRADUAÇÃO
62612,134044431,134044403,26930,0,OPTATIVO,GRADUAÇÃO
62627,133804602,133804382,52666,6,OBRIGATÓRIO,GRADUAÇÃO
62876,133798032,133797961,52536,0,OPTATIVO,GRADUAÇÃO
62936,133799117,133797961,69620,0,OPTATIVO,GRADUAÇÃO
63059,133798047,133797961,61102,0,OPTATIVO,GRADUAÇÃO
63091,134044602,134044403,52699,0,OPTATIVO,GRADUAÇÃO
63104,134044599,134044403,52794,0,OPTATIVO,GRADUAÇÃO
63181,133795174,133795010,52693,0,OPTATIVO,GRADUAÇÃO
63354,133797975,133797961,26917,0,OPTATIVO,GRADUAÇÃO
63395,133798169,133797961,23557,0,OPTATIVO,GRADUAÇÃO
63531,133804395,133804382,26916,0,OPTATIVO,GRADUAÇÃO
63540,133804547,133804382,63936,0,OPTATIVO,GRADUAÇÃO
63557,137397635,133804382,69595,0,OPTATIVO,GRADUAÇÃO
63667,133799105,133797961,69608,0,OPTATIVO,GRADUAÇÃO
63757,133804521,133804382,55053,0,OPTATIVO,GRADUAÇÃO
63897,133804556,133804382,61130,0,OPTATIVO,GRADUAÇÃO
63908,133795023,133795010,26916,0,OPTATIVO,GRADUAÇÃO
63932,134044523,134044403,61110,0,OPTATIVO,GRADUAÇÃO
64017,133795237,133795010,55027,4,OBRIGATÓRIO,GRADUAÇÃO
64093,133795128,133795010,61121,0,OPTATIVO,GRADUAÇÃO
64141,133797964,133797961,26528,0,OPTATIVO,GRADUAÇÃO
64164,151043560,134044403,72708,0,OPTATIVO,GRADUAÇÃO
64169,133795020,133795010,68447,0,OPTATIVO,GRADUAÇÃO
64320,133795154,133795010,52682,0,OPTATIVO,GRADUAÇÃO
64573,134044575,134044403,55085,0,OPTATIVO,GRADUAÇÃO
64594,133798078,133797961,61119,0,OPTATIVO,GRADUAÇÃO
64623,134107142,133795010,66424,0,OPTATIVO,GRADUAÇÃO
64678,133798118,133797961,55053,0,OPTATIVO,GRADUAÇÃO
64853,134044428,134044403,64923,0,OPTATIVO,GRADUAÇÃO
65001,133795119,133795010,61112,0,OPTATIVO,GRADUAÇÃO
65168,133799088,133797961,69591,0,OPTATIVO,GRADUAÇÃO
65209,134044408,134044403,26528,0,OPTATIVO,GRADUAÇÃO
65236,133795214,133795010,65103,0,OPTATIVO,GRADUAÇÃO
65470,139651487,133795010,72205,0,OPTATIVO,GRADUAÇÃO
65498,133798178,133797961,66444,2,OBRIGATÓRIO,GRADUAÇÃO
65501,133798107,133797961,52684,0,OPTATIVO,GRADUAÇÃO
65707,133795108,133795010,61101,0,OPTATIVO,GRADUAÇÃO
65820,151036497,133797961,72714,0,OPTATIVO,GRADUAÇÃO
65890,133798106,133797961,52683,0,OPTATIVO,GRADUAÇÃO
65988,133795239,133795010,52790,6,OBRIGATÓRIO,GRADUAÇÃO
66124,134044577,134044403,52662,2,OBRIGATÓRIO,GRADUAÇÃO
66138,134044412,134044403,55940,0,OPTATIVO,GRADUAÇÃO
66147,133798086,133797961,55038,0,OPTATIVO,GRADUAÇÃO
66186,134044569,134044403,52688,0,OPTATIVO,GRADUAÇÃO
66213,133798155,133797961,63933,0,OPTATIVO,GRADUAÇÃO
66234,133804387,133804382,64877,0,OPTATIVO,GRADUAÇÃO
66281,133795111,133795010,61085,0,OPTATIVO,GRADUAÇÃO
66326,133795059,133795010,2054953,0,OPTATIVO,GRADUAÇÃO
66450,134044433,134044403,26931,0,OPTATIVO,GRADUAÇÃO
66454,151040544,133795010,72711,0,OPTATIVO,GRADUAÇÃO
66492,133804446,133804382,59736,0,OPTATIVO,GRADUAÇÃO
66503,133798157,133797961,65101,0,OPTATIVO,GRADUAÇÃO
66505,133795205,133795010,63937,0,OPTATIVO,GRADUAÇÃO
66512,133804501,133804382,55047,0,OPTATIVO,GRADUAÇÃO
66528,139889702,133795010,72274,0,OPTATIVO,GRADUAÇÃO
66645,133798150,133797961,62886,0,OPTATIVO,GRADUAÇÃO
66786,133795079,133795010,51457,0,OPTATIVO,GRADUAÇÃO
66811,134044620,134044403,63937,0,OPTATIVO,GRADUAÇÃO
66845,134044652,134044403,2054905,6,OBRIGATÓRIO,GRADUAÇÃO
66868,133798179,133797961,55022,2,OBRIGATÓRIO,GRADUAÇÃO
66941,133804606,133804382,21790,7,OBRIGATÓRIO,GRADUAÇÃO
67034,139932268,133804382,70885,0,OPTATIVO,GRADUAÇÃO
67049,133798164,133797961,68477,0,OPTATIVO,GRADUAÇÃO
67201,133797988,133797961,21787,0,OPTATIVO,GRADUAÇÃO
67297,133798101,133797961,55051,0,OPTATIVO,GRADUAÇÃO
67375,133798915,133795010,69601,0,OPTATIVO,GRADUAÇÃO
67465,137397982,134044403,69696,0,OPTATIVO,GRADUAÇÃO
67484,133798056,133797961,61097,0,OPTATIVO,GRADUAÇÃO
67500,133798135,133797961,55056,0,OPTATIVO,GRADUAÇÃO
67634,134044567,134044403,52686,0,OPTATIVO,GRADUAÇÃO
67672,133795230,133795010,52662,2,OBRIGATÓRIO,GRADUAÇÃO
67847,134044499,134044403,65104,0,OPTATIVO,GRADUAÇÃO
67927,134044558,134044403,52685,0,OPTATIVO,GRADUAÇÃO
68004,134107163,133797961,66424,0,OPTATIVO,GRADUAÇÃO
68009,133804583,133804382,55023,3,OBRIGATÓRIO,GRADUAÇÃO
68088,133804402,133804382,26923,0,OPTATIVO,GRADUAÇÃO
68124,133795024,133795010,26917,0,OPTATIVO,GRADUAÇÃO
68193,133798015,133797961,52813,0,OPTATIVO,GRADUAÇÃO
68212,133795120,133795010,61113,0,OPTATIVO,GRADUAÇÃO
68253,133798190,133797961,55028,5,OBRIGATÓRIO,GRADUAÇÃO
68299,134044423,134044403,26921,0,OPTATIVO,GRADUAÇÃO
68349,134044589,134044403,52813,7,OBRIGATÓRIO,GRADUAÇÃO
68591,133799111,133797961,69614,0,OPTATIVO,GRADUAÇÃO
68607,133795098,133795010,61105,0,OPTATIVO,GRADUAÇÃO
68650,133797979,133797961,26921,0,OPTATIVO,GRADUAÇÃO
68719,133804594,133804382,69693,5,OBRIGATÓRIO,GRADUAÇÃO
68736,133804459,133804382,61108,0,OPTATIVO,GRADUAÇÃO
68740,133799115,133797961,69618,0,OPTATIVO,GRADUAÇÃO
68785,139932269,133804382,69613,0,OPTATIVO,GRADUAÇÃO
68787,134044421,134044403,26919,0,OPTATIVO,GRADUAÇÃO
68867,133798938,133795010,69624,0,OPTATIVO,GRADUAÇÃO
68969,133798075,133797961,61116,0,OPTATIVO,GRADUAÇÃO
68990,133795229,133795010,52665,2,OBRIGATÓRIO,GRADUAÇÃO
69068,133799094,133797961,69596,0,OPTATIVO,GRADUAÇÃO
69156,133795092,133795010,63935,0,OPTATIVO,GRADUAÇÃO
69190,134044461,134044403,2054925,0,OPTATIVO,GRADUAÇÃO
69203,133795077,133795010,46256,0,OPTATIVO,GRADUAÇÃO
69220,133804544,133804382,55085,0,OPTATIVO,GRADUAÇÃO
69299,134044440,134044403,21705,0,OPTATIVO,GRADUAÇÃO
69394,133804447,133804382,59737,0,OPTATIVO,GRADUAÇÃO
69443,133798153,133797961,61130,0,OPTATIVO,GRADUAÇÃO
69530,151047035,133804382,69599,0,OPTATIVO,GRADUAÇÃO
69559,133795146,133795010,55047,0,OPTATIVO,GRADUAÇÃO
69630,133799114,133797961,69617,0,OPTATIVO,GRADUAÇÃO
69800,134107141,133795010,64879,0,OPTATIVO,GRADUAÇÃO
69815,133804498,133804382,55043,0,OPTATIVO,GRADUAÇÃO
69853,133798035,133797961,57807,0,OPTATIVO,GRADUAÇÃO
70099,133804591,133804382,55325,4,OBRIGATÓRIO,GRADUAÇÃO
70198,133804469,133804382,61085,0,OPTATIVO,GRADUAÇÃO
70248,151047857,133804382,69623,0,OPTATIVO,GRADUAÇÃO
70274,133804510,133804382,52684,0,OPTATIVO,GRADUAÇÃO
70489,133795151,133795010,52792,0,OPTATIVO,GRADUAÇÃO
70617,133798158,133797961,63934,0,OPTATIVO,GRADUAÇÃO
70639,133804504,133804382,55051,0,OPTATIVO,GRADUAÇÃO
70645,139850296,134044403,69693,0,OPTATIVO,GRADUAÇÃO
70653,133795085,133795010,59733,0,OPTATIVO,GRADUAÇÃO
70659,133795082,133795010,57806,0,OPTATIVO,GRADUAÇÃO
70708,151047854,133804382,69620,0,OPTATIVO,GRADUAÇÃO
70782,133798120,133797961,55074,0,OPTATIVO,GRADUAÇÃO
70932,133804520,133804382,55052,0,OPTATIVO,GRADUAÇÃO
70967,133804485,133804382,61120,0,OPTATIVO,GRADUAÇÃO
71116,134045133,134044403,66374,5,OBRIGATÓRIO,GRADUAÇÃO
71270,133798129,133797961,52698,0,OPTATIVO,GRADUAÇÃO
71283,133798079,133797961,61120,0,OPTATIVO,GRADUAÇÃO
71297,133798057,133797961,61098,0,OPTATIVO,GRADUAÇÃO
71365,133804396,133804382,26917,0,OPTATIVO,GRADUAÇÃO
71480,133795053,133795010,2054930,0,OPTATIVO,GRADUAÇÃO
71563,151042966,133804382,72714,0,OPTATIVO,GRADUAÇÃO
71629,133804394,133804382,26915,0,OPTATIVO,GRADUAÇÃO
71634,133795089,133795010,59737,0,OPTATIVO,GRADUAÇÃO
71729,136481476,133795010,68509,0,OPTATIVO,GRADUAÇÃO
71739,134044405,134044403,69663,0,OPTATIVO,GRADUAÇÃO
71792,133804536,133804382,52996,0,OPTATIVO,GRADUAÇÃO
71863,133795100,133795010,61107,0,OPTATIVO,GRADUAÇÃO
71878,133798151,133797961,62887,0,OPTATIVO,GRADUAÇÃO
72016,133798140,133797961,55084,0,OPTATIVO,GRADUAÇÃO
72051,133798006,133797961,2054931,0,OPTATIVO,GRADUAÇÃO
72182,133795088,133795010,59736,0,OPTATIVO,GRADUAÇÃO
72202,133798156,133797961,63937,0,OPTATIVO,GRADUAÇÃO
72241,133804398,133804382,26919,0,OPTATIVO,GRADUAÇÃO
72276,133804541,133804382,55059,0,OPTATIVO,GRADUAÇÃO
72310,133804492,133804382,55038,0,OPTATIVO,GRADUAÇÃO
72409,133795124,133795010,61117,0,OPTATIVO,GRADUAÇÃO
72455,134044595,134044403,52691,0,OPTATIVO,GRADUAÇÃO
72497,134044482,134044403,55370,0,OPTATIVO,GRADUAÇÃO
72643,134044485,134044403,20033,0,OPTATIVO,GRADUAÇÃO
72718,133795029,133795010,26922,0,OPTATIVO,GRADUAÇÃO
72762,134044564,134044403,52788,0,OPTATIVO,GRADUAÇÃO
72783,134044439,134044403,21764,0,OPTATIVO,GRADUAÇÃO
72799,133798921,133795010,69607,0,OPTATIVO,GRADUAÇÃO
72807,133804529,133804382,52694,0,OPTATIVO,GRADUAÇÃO
72829,133799387,133795010,69693,0,OPTATIVO,GRADUAÇÃO
72942,134045132,134044403,55028,5,OBRIGATÓRIO,GRADUAÇÃO
72988,133804496,133804382,55044,0,OPTATIVO,GRADUAÇÃO
72990,133798097,133797961,55047,0,OPTATIVO,GRADUAÇÃO
73028,134044604,134044403,52996,0,OPTATIVO,GRADUAÇÃO
73120,133798076,133797961,61117,0,OPTATIVO,GRADUAÇÃO
73124,133798934,133795010,69620,0,OPTATIVO,GRADUAÇÃO
73182,151047856,133804382,69622,0,OPTATIVO,GRADUAÇÃO
73197,134044435,134044403,21083,0,OPTATIVO,GRADUAÇÃO
73220,133798082,133797961,52672,0,OPTATIVO,GRADUAÇÃO
73228,134044641,134044403,2054906,4,OBRIGATÓRIO,GRADUAÇÃO
73260,133795202,133795010,61130,0,OPTATIVO,GRADUAÇÃO
73527,133798144,133797961,63936,0,OPTATIVO,GRADUAÇÃO
73566,133795142,133795010,55096,0,OPTATIVO,GRADUAÇÃO
73569,133795181,133795010,52702,0,OPTATIVO,GRADUAÇÃO
73651,133804433,133804382,55370,0,OPTATIVO,GRADUAÇÃO
73708,133798184,133797961,66437,3,OBRIGATÓRIO,GRADUAÇÃO
73723,133804470,133804382,61086,0,OPTATIVO,GRADUAÇÃO
73748,133799085,133797961,69588,0,OPTATIVO,GRADUAÇÃO
73816,133804399,133804382,26920,0,OPTATIVO,GRADUAÇÃO
73921,133804489,133804382,52673,0,OPTATIVO,GRADUAÇÃO
74044,133804460,133804382,61095,0,OPTATIVO,GRADUAÇÃO
74045,139852687,133795010,72275,0,OPTATIVO,GRADUAÇÃO
74046,133798137,133797961,55058,0,OPTATIVO,GRADUAÇÃO
74077,133798128,133797961,52697,0,OPTATIVO,GRADUAÇÃO
74143,139652270,133797961,72205,0,OPTATIVO,GRADUAÇÃO
74223,133795041,133795010,2054957,0,OPTATIVO,GRADUAÇÃO
74234,133798907,133795010,69592,0,OPTATIVO,GRADUAÇÃO
74250,139652269,133797961,72204,0,OPTATIVO,GRADUAÇÃO
74489,133795189,133795010,55084,0,OPTATIVO,GRADUAÇÃO
74589,151051342,133804382,69591,0,OPTATIVO,GRADUAÇÃO
74889,133795011,133795010,2041507,0,OPTATIVO,GRADUAÇÃO
74949,133798019,133797961,52972,0,OPTATIVO,GRADUAÇÃO
75100,133795034,133795010,23558,0,OPTATIVO,GRADUAÇÃO
75187,151047038,133804382,69607,0,OPTATIVO,GRADUAÇÃO
75198,139853348,134044403,72275,0,OPTATIVO,GRADUAÇÃO
75233,133795130,133795010,52672,0,OPTATIVO,GRADUAÇÃO
75253,133795135,133795010,55039,0,OPTATIVO,GRADUAÇÃO
75315,133798045,133797961,65104,0,OPTATIVO,GRADUAÇÃO
75412,133804560,133804382,65101,0,OPTATIVO,GRADUAÇÃO
75446,134044508,134044403,61095,0,OPTATIVO,GRADUAÇÃO
75467,151036499,133797961,72708,0,OPTATIVO,GRADUAÇÃO
75480,134044415,134044403,68447,0,OPTATIVO,GRADUAÇÃO
75564,133799093,133797961,69595,0,OPTATIVO,GRADUAÇÃO
75657,133798152,133797961,62888,0,OPTATIVO,GRADUAÇÃO
75674,133804487,133804382,61122,0,OPTATIVO,GRADUAÇÃO
75735,133804386,133804382,59634,0,OPTATIVO,GRADUAÇÃO
75739,134044605,134044403,55055,0,OPTATIVO,GRADUAÇÃO
75877,133795216,133795010,55325,0,OPTATIVO,GRADUAÇÃO
76015,133795217,133795010,23538,0,OPTATIVO,GRADUAÇÃO
76031,133799082,133797961,69585,0,OPTATIVO,GRADUAÇÃO
76128,134044516,134044403,61084,0,OPTATIVO,GRADUAÇÃO
76138,139890030,133797961,72273,0,OPTATIVO,GRADUAÇÃO
76150,133804507,133804382,52685,0,OPTATIVO,GRADUAÇÃO
76253,133795144,133795010,55045,0,OPTATIVO,GRADUAÇÃO
76256,133804545,133804382,68479,0,OPTATIVO,GRADUAÇÃO
76298,133804577,133804382,66440,1,OBRIGATÓRIO,GRADUAÇÃO
76378,133798080,133797961,61121,0,OPTATIVO,GRADUAÇÃO
76481,133804397,133804382,26918,0,OPTATIVO,GRADUAÇÃO
76528,137509079,133795010,70970,0,OPTATIVO,GRADUAÇÃO
76539,133804604,133804382,21783,7,OBRIGATÓRIO,GRADUAÇÃO
76614,133795204,133795010,63933,0,OPTATIVO,GRADUAÇÃO
76654,133804522,133804382,55054,0,OPTATIVO,GRADUAÇÃO
76686,134044573,134044403,55060,0,OPTATIVO,GRADUAÇÃO
76719,133795049,133795010,2054925,0,OPTATIVO,GRADUAÇÃO
76740,133798168,133797961,23538,0,OPTATIVO,GRADUAÇÃO
76851,133798143,133797961,68482,0,OPTATIVO,GRADUAÇÃO
76867,133795235,133795010,52664,3,OBRIGATÓRIO,GRADUAÇÃO
76905,133795031,133795010,26924,0,OPTATIVO,GRADUAÇÃO
76974,139651573,133804382,72205,0,OPTATIVO,GRADUAÇÃO
77167,134107161,133797961,64878,0,OPTATIVO,GRADUAÇÃO
77222,133798041,133797961,59737,0,OPTATIVO,GRADUAÇÃO
77315,134044624,134044403,68478,0,OPTATIVO,GRADUAÇÃO
77345,134044459,134044403,2054923,0,OPTATIVO,GRADUAÇÃO
77467,133804570,133804382,23557,0,OPTATIVO,GRADUAÇÃO
77475,134044596,134044403,52692,0,OPTATIVO,GRADUAÇÃO
77586,133798090,133797961,55041,0,OPTATIVO,GRADUAÇÃO
77727,133799103,133797961,69606,0,OPTATIVO,GRADUAÇÃO
77833,133795132,133795010,55036,0,OPTATIVO,GRADUAÇÃO
77851,133795209,133795010,68478,0,OPTATIVO,GRADUAÇÃO
77907,133804416,133804382,2054922,0,OPTATIVO,GRADUAÇÃO
78066,133795101,133795010,61108,0,OPTATIVO,GRADUAÇÃO
78359,133804403,133804382,26924,0,OPTATIVO,GRADUAÇÃO
78430,133795109,133795010,61083,0,OPTATIVO,GRADUAÇÃO
78478,134044486,134044403,46256,0,OPTATIVO,GRADUAÇÃO
78492,134044530,134044403,61117,0,OPTATIVO,GRADUAÇÃO
78500,133804464,133804382,61099,0,OPTATIVO,GRADUAÇÃO
78504,133795150,133795010,55051,0,OPTATIVO,GRADUAÇÃO
78829,133804503,133804382,55050,0,OPTATIVO,GRADUAÇÃO
78929,134044554,134044403,55051,0,OPTATIVO,GRADUAÇÃO
78946,134045130,134044403,52666,4,OBRIGATÓRIO,GRADUAÇÃO
79053,139850799,133804382,69615,0,OPTATIVO,GRADUAÇÃO
79159,133795018,133795010,62381,0,OPTATIVO,GRADUAÇÃO
79166,133795178,133795010,52698,0,OPTATIVO,GRADUAÇÃO
79221,133798142,133797961,68479,0,OPTATIVO,GRADUAÇÃO
79337,133798926,133795010,69612,0,OPTATIVO,GRADUAÇÃO
79362,133795149,133795010,55050,0,OPTATIVO,GRADUAÇÃO
79536,139932349,134044403,69602,0,OPTATIVO,GRADUAÇÃO
79543,134044600,134044403,52697,0,OPTATIVO,GRADUAÇÃO
79621,134044548,134044403,55096,0,OPTATIVO,GRADUAÇÃO
79639,133804392,133804382,68447,0,OPTATIVO,GRADUAÇÃO
79656,133799109,133797961,69612,0,OPTATIVO,GRADUAÇÃO
79746,133795226,133795010,55021,2,OBRIGATÓRIO,GRADUAÇÃO
79796,134044447,134044403,43523,0,OPTATIVO,GRADUAÇÃO
79911,133798927,133795010,69613,0,OPTATIVO,GRADUAÇÃO
79924,151043557,134044403,72710,0,OPTATIVO,GRADUAÇÃO
79925,133795182,133795010,52996,0,OPTATIVO,GRADUAÇÃO
79930,133804442,133804382,59732,0,OPTATIVO,GRADUAÇÃO
79931,133804567,133804382,68477,0,OPTATIVO,GRADUAÇÃO
